variable;monsterdiepte;parameter;compartiment;zone;eenheid;methode;varnames
AL_CO_mmol+/kg_OR_25;0-25;AL;OR;;mmol+/kg;cohex;AL_CO_mmol+/kg_OR_25
AL_CO_mmol+/kg_OR_50;25-50;AL;OR;;mmol+/kg;cohex;AL_CO_mmol+/kg_OR_50
A_AL_CO_OR_25;0-25;Aluminium (exch);OR;;mmol +/ kg;liab;Aluminium (exch)_25
A_AL_CO_OR_50;25-50;Aluminium (exch);OR;;mmol +/ kg;liab;Aluminium (exch)_25
A_AL_M3_OR_25;0-25;Aluminium (M3);OR;;mg/kg;liab;Aluminium (M3)_25
A_AL_M3_OR_50;25-50;Aluminium (M3);OR;;mg/kg;liab;Aluminium (M3)_25
A_AL_RT_OR_25;0-25;Aluminium total;OR;;g/kg;liab;Aluminium total_25
A_AL_RT_OR_50;25-50;Aluminium total;OR;;g/kg;liab;Aluminium total_25
A_AS_RT_OR_25;0-25;Arsenic total;OR;;mg/kg;liab;Arsenic total_25
A_AS_RT_OR_50;25-50;Arsenic total;OR;;mg/kg;liab;Arsenic total_25
A_BR_RT_OR_25;0-25;Boron total;OR;;mg/kg;liab;Boron total_25
A_BR_RT_OR_50;25-50;Boron total;OR;;mg/kg;liab;Boron total_25
A_B_CO_OR_25;0-25;Boron (Exch);OR;;mmol- / kg;liab;Boron (Exch)_25
A_B_CO_OR_50;25-50;Boron (Exch);OR;;mmol- / kg;liab;Boron (Exch)_25
A_B_M3_OR_25;0-25;Boron (M3);OR;;mg/kg;liab;Boron (M3)_25
A_B_M3_OR_50;25-50;Boron (M3);OR;;mg/kg;liab;Boron (M3)_25
A_CA_CO_OR_25;0-25;Calcium (Exch);OR;;mmol +/ kg;liab;Calcium (Exch)_25
A_CA_CO_OR_50;25-50;Calcium (Exch);OR;;mmol +/ kg;liab;Calcium (Exch)_25
A_CA_M3_OR_25;0-25;Calcium (M3);OR;;mg/kg;liab;Calcium (M3)_25
A_CA_M3_OR_50;25-50;Calcium (M3);OR;;mg/kg;liab;Calcium (M3)_25
A_CA_RT_OR_25;0-25;Calcium total;OR;;g/kg;liab;Calcium total_25
A_CA_RT_OR_50;25-50;Calcium total;OR;;g/kg;liab;Calcium total_25
A_CEC_CO_OR_25;0-25;Cation Exhange Capacity;OR;;mmol+ / kg;liab;Cation Exhange Capacity_25
A_CEC_CO_OR_50;25-50;Cation Exhange Capacity;OR;;mmol+ / kg;liab;Cation Exhange Capacity_25
A_CLAY_MI;;A_CLAY_MI;;;%;bodemschat;A_CLAY_MI
A_CN_OF_OR_25;0-25;ratio C / N;OR;;;liab;ratio C / N_25
A_CN_OF_OR_50;25-50;ratio C / N;OR;;;liab;ratio C / N_25
A_CO_M3_OR_25;0-25;Cobalt (M3);OR;;mg/kg;liab;Cobalt (M3)_25
A_CO_M3_OR_50;25-50;Cobalt (M3);OR;;mg/kg;liab;Cobalt (M3)_25
A_CO_RT_OR_25;0-25;Cobalt;OR;;mg/kg;liab;Cobalt_25
A_CO_RT_OR_50;25-50;Cobalt;OR;;mg/kg;liab;Cobalt_25
A_CR_RT_OR_25;0-25;Chromium Total;OR;;mg/kg;liab;Chromium Total_25
A_CR_RT_OR_50;25-50;Chromium Total;OR;;mg/kg;liab;Chromium Total_25
A_CU_M3_OR_25;0-25;Copper (M3);OR;;mg/kg;liab;Copper (M3)_25
A_CU_M3_OR_50;25-50;Copper (M3);OR;;mg/kg;liab;Copper (M3)_25
A_CU_RT_OR_25;0-25;Copper Total;OR;;mg/kg;liab;Copper Total_25
A_CU_RT_OR_50;25-50;Copper Total;OR;;mg/kg;liab;Copper Total_25
A_C_OF_OR_25;0-25;Carbon organic;OR;;g/kg;liab;Carbon organic_25
A_C_OF_OR_50;25-50;Carbon organic;OR;;g/kg;liab;Carbon organic_25
A_C_RT_OR_25;0-25;Carbon total  g / kg;OR;;g/kg;liab;Carbon total  g / kg_25
A_C_RT_OR_50;25-50;Carbon total  g / kg;OR;;g/kg;liab;Carbon total  g / kg_25
A_DENSITY_SA_OR_25;0-25;Density;OR;;g / cm ^ 3;liab;Density_25
A_DENSITY_SA_OR_50;25-50;Density;OR;;g / cm ^ 3;liab;Density_25
A_EC_WA_OR_25;0-25;Electrical  conductivity;OR;;mS/m;liab;Electrical  conductivity_25
A_EC_WA_OR_50;25-50;Electrical  conductivity;OR;;mS/m;liab;Electrical  conductivity_25
A_FE_CO_OR_25;0-25;Iron (Exch) + mmol / kg;OR;;mmol +/kg;liab;Iron (Exch) + mmol / kg_25
A_FE_CO_OR_50;25-50;Iron (Exch) + mmol / kg;OR;;mmol +/kg;liab;Iron (Exch) + mmol / kg_25
A_FE_M3_OR_25;0-25;Iron (M3);OR;;mg/kg;liab;Iron (M3)_25
A_FE_M3_OR_50;25-50;Iron (M3);OR;;mg/kg;liab;Iron (M3)_25
A_FE_RT_OR_25;0-25;Iron total;OR;;g/kg;liab;Iron total_25
A_FE_RT_OR_50;25-50;Iron total;OR;;g/kg;liab;Iron total_25
A_K_CO_OR_25;0-25;Potassium (Exch);OR;;mmol +/kg;liab;Potassium (Exch)_25
A_K_CO_OR_50;25-50;Potassium (Exch);OR;;mmol +/kg;liab;Potassium (Exch)_25
A_K_M3_OR_25;0-25;Potassium (M3);OR;;mg/kg;liab;Potassium (M3)_25
A_K_M3_OR_50;25-50;Potassium (M3);OR;;mg/kg;liab;Potassium (M3)_25
A_K_RT_OR_25;0-25;Potassium total;OR;;g/kg;liab;Potassium total_25
A_K_RT_OR_50;25-50;Potassium total;OR;;g/kg;liab;Potassium total_25
A_MG_CO_OR_25;0-25;Magnesium (Exch);OR;;mmol+/kg;liab;Magnesium (Exch)_25
A_MG_CO_OR_50;25-50;Magnesium (Exch);OR;;mmol+/kg;liab;Magnesium (Exch)_25
A_MG_M3_OR_25;0-25;Magnesium (M3);OR;;mg/kg;liab;Magnesium (M3)_25
A_MG_M3_OR_50;25-50;Magnesium (M3);OR;;mg/kg;liab;Magnesium (M3)_25
A_MG_RT_OR_25;0-25;Magnesium Total;OR;;g/kg;liab;Magnesium Total_25
A_MG_RT_OR_50;25-50;Magnesium Total;OR;;g/kg;liab;Magnesium Total_25
A_MN_CO_OR_25;0-25;Manganese (Exch);OR;;mmol+/kg;liab;Manganese (Exch)_25
A_MN_CO_OR_50;25-50;Manganese (Exch);OR;;mmol+/kg;liab;Manganese (Exch)_25
A_MN_M3_OR_25;0-25;Manganese (M3);OR;;mg/kg;liab;Manganese (M3)_25
A_MN_M3_OR_50;25-50;Manganese (M3);OR;;mg/kg;liab;Manganese (M3)_25
A_MN_RT_OR_25;0-25;Manganese total;OR;;mg/kg;liab;Manganese total_25
A_MN_RT_OR_50;25-50;Manganese total;OR;;mg/kg;liab;Manganese total_25
A_MO_CO_OR_25;0-25;Molybdenium (Exch);OR;;mmol+/kg;liab;Molybdenium (Exch)_25
A_MO_CO_OR_50;25-50;Molybdenium (Exch);OR;;mmol+/kg;liab;Molybdenium (Exch)_25
A_MO_M3_OR_25;0-25;Molybdenium (M3);OR;;mg/kg;liab;Molybdenium (M3)_25
A_MO_M3_OR_50;25-50;Molybdenium (M3);OR;;mg/kg;liab;Molybdenium (M3)_25
A_NA_CO_OR_25;0-25;Sodium (Exch);OR;;mmol+/kg;liab;Sodium (Exch)_25
A_NA_CO_OR_50;25-50;Sodium (Exch);OR;;mmol+/kg;liab;Sodium (Exch)_25
A_NA_RT_OR_25;0-25;Sodium total;OR;;g/kg;liab;Sodium total_25
A_NA_RT_OR_50;25-50;Sodium total;OR;;g/kg;liab;Sodium total_25
A_NB_RT_OR_25;0-25;Niobium Total;OR;;mg/kg;liab;Niobium Total_25
A_NB_RT_OR_50;25-50;Niobium Total;OR;;mg/kg;liab;Niobium Total_25
A_NI_RT_OR_25;0-25;Nickel total;OR;;mg/kg;liab;Nickel total_25
A_NI_RT_OR_50;25-50;Nickel total;OR;;mg/kg;liab;Nickel total_25
A_N_RT_OR_25;0-25;Nitrogen total;OR;;g/kg;liab;Nitrogen total_25
A_N_RT_OR_50;25-50;Nitrogen total;OR;;g/kg;liab;Nitrogen total_25
A_PB_RT_OR_25;0-25;Lead total;OR;;mg/kg;liab;Lead total_25
A_PB_RT_OR_50;25-50;Lead total;OR;;mg/kg;liab;Lead total_25
A_PH_KCL_OR_25;0-25;pH (KCl);OR;;-log (H +);liab;pH (KCl)_25
A_PH_KCL_OR_50;25-50;pH (KCl);OR;;-log (H +);liab;pH (KCl)_25
A_P_M3_OR_25;0-25;Phosphorus(M3);OR;;mg/kg;liab;Phosphorus(M3)_25
A_P_M3_OR_50;25-50;Phosphorus(M3);OR;;mg/kg;liab;Phosphorus(M3)_25
A_P_RT_OR_25;0-25;Phosphorustotal;OR;;g/kg;liab;Phosphorustotal_25
A_P_RT_OR_50;25-50;Phosphorustotal;OR;;g/kg;liab;Phosphorustotal_25
A_RB_RT_OR_25;0-25;Rubidium Total;OR;;mg/kg;liab;Rubidium Total_25
A_RB_RT_OR_50;25-50;Rubidium Total;OR;;mg/kg;liab;Rubidium Total_25
A_SC_RT_OR_25;0-25;Scandium Total;OR;;mg/kg;liab;Scandium Total_25
A_SC_RT_OR_50;25-50;Scandium Total;OR;;mg/kg;liab;Scandium Total_25
A_SI_RT_OR_25;0-25;Silicium total;OR;;g/kg;liab;Silicium total_25
A_SI_RT_OR_50;25-50;Silicium total;OR;;g/kg;liab;Silicium total_25
A_SOM_LOI;;A_SOM_LOI;;;%;bodemschat;A_SOM_LOI
A_SR_RT_OR_25;0-25;Strontium Total;OR;;mg/kg;liab;Strontium Total_25
A_SR_RT_OR_50;25-50;Strontium Total;OR;;mg/kg;liab;Strontium Total_25
A_S_RT_OR_25;0-25;Sulphur total;OR;;g/kg;liab;Sulphur total_25
A_S_RT_OR_50;25-50;Sulphur total;OR;;g/kg;liab;Sulphur total_25
A_TI_RT_OR_25;0-25;Titanium total;OR;;g/kg;liab;Titanium total_25
A_TI_RT_OR_50;25-50;Titanium total;OR;;g/kg;liab;Titanium total_25
A_V_RT_OR_25;0-25;Vanadium Total;OR;;mg/kg;liab;Vanadium Total_25
A_V_RT_OR_50;25-50;Vanadium Total;OR;;mg/kg;liab;Vanadium Total_25
A_Y_RT_OR_25;0-25;Yttrium Total;OR;;mg/kg;liab;Yttrium Total_25
A_Y_RT_OR_50;25-50;Yttrium Total;OR;;mg/kg;liab;Yttrium Total_25
A_ZN_CO_OR_25;0-25;Zinc  (Exch);OR;;mmol+/kg;liab;Zinc  (Exch)_25
A_ZN_CO_OR_50;25-50;Zinc  (Exch);OR;;mmol+/kg;liab;Zinc  (Exch)_25
A_ZN_M3_OR_25;0-25;Zinc (M3);OR;;mg/kg;liab;Zinc (M3)_25
A_ZN_M3_OR_50;25-50;Zinc (M3);OR;;mg/kg;liab;Zinc (M3)_25
A_ZN_RT_OR_25;0-25;Zinc total;OR;;mg/kg;liab;Zinc total_25
A_ZN_RT_OR_50;25-50;Zinc total;OR;;mg/kg;liab;Zinc total_25
Al2O3_xrf_g/kg_OR_25;0-25;Al2O3;OR;;g/kg;xrf;Al2O3_xrf_g/kg_OR_25
Al2O3_xrf_g/kg_OR_50;25-50;Al2O3;OR;;g/kg;xrf;Al2O3_xrf_g/kg_OR_50
Al2O3_xrf_g/kg_SB;0-25;Al2O3;SB;;g/kg;xrf;Al2O3_xrf_g/kg_SB
Al_CC_Ág/kg_OR_25;0-25;Al;OR;;Ág/kg;calciumchloride;Al_CC_Ág/kg_OR_25
Al_CC_Ág/kg_OR_50;25-50;Al;OR;;Ág/kg;calciumchloride;Al_CC_Ág/kg_OR_50
Al_CC_Ág/kg_SB;0-25;Al;SB;;Ág/kg;calciumchloride;Al_CC_Ág/kg_SB
Al_M3_mg/kg_OR_25;0-25;Al;OR;;mg/kg;M3;Al_M3_mg/kg_OR_25
Al_M3_mg/kg_OR_50;25-50;Al;OR;;mg/kg;M3;Al_M3_mg/kg_OR_50
Al_mmol/kg DW_SB;0-25;Al;SB;;mmol/kg DW;icp Bware;Al_mmol/kg DW_SB
Al_mmol/l FW_SB;0-25;Al;SB;;mmol/l FW;icp Bware;Al_mmol/l FW_SB
Al_Ámol/l_OW;10-15;Al;OW;;Ámol/l;icp Bware;Al_Ámol/l_OW
Al_Ámol/l_PW;0-25;Al;PW;;Ámol/l;icp Bware;Al_Ámol/l_PW
Anorg N_OW;10-15;Anorg N;OW;;OW;icp Bware;Anorg N_OW
B _M3_mg/kg_OR_25;0-25;B;OR;;mg/kg;M3;B _M3_mg/kg_OR_25
B _M3_mg/kg_OR_50;25-50;B;OR;;mg/kg;M3;B _M3_mg/kg_OR_50
B_CC_Ág/kg_OR_25;0-25;B;OR;;Ág/kg;calciumchloride;B_CC_Ág/kg_OR_25
B_CC_Ág/kg_OR_50;25-50;B;OR;;Ág/kg;calciumchloride;B_CC_Ág/kg_OR_50
B_CC_Ág/kg_SB;0-25;B;SB;;Ág/kg;calciumchloride;B_CC_Ág/kg_SB
B_CO_mmol+/kg_OR_25;0-25;B;OR;;mmol+/kg;cohex;B_CO_mmol+/kg_OR_25
B_CO_mmol+/kg_OR_50;25-50;B;OR;;mmol+/kg;cohex;B_CO_mmol+/kg_OR_50
Ba_xrf_mg/kg_OR_25;0-25;Ba;OR;;mg/kg;xrf;Ba_xrf_mg/kg_OR_25
Ba_xrf_mg/kg_OR_50;25-50;Ba;OR;;mg/kg;xrf;Ba_xrf_mg/kg_OR_50
Ba_xrf_mg/kg_SB;0-25;Ba;SB;;mg/kg;xrf;Ba_xrf_mg/kg_SB
Br_xrf_mg/kg_OR_25;0-25;Br;OR;;mg/kg;xrf;Br_xrf_mg/kg_OR_25
Br_xrf_mg/kg_OR_50;25-50;Br;OR;;mg/kg;xrf;Br_xrf_mg/kg_OR_50
Br_xrf_mg/kg_SB;0-25;Br;SB;;mg/kg;xrf;Br_xrf_mg/kg_SB
CA_CO_mmol+/kg_OR_25;0-25;CA;OR;;mmol+/kg;cohex;CA_CO_mmol+/kg_OR_25
CA_CO_mmol+/kg_OR_50;25-50;CA;OR;;mmol+/kg;cohex;CA_CO_mmol+/kg_OR_50
CEC_CO_mmol+/kg_OR_25;0-25;CEC;OR;;mmol+/kg;cohex;CEC_CO_mmol+/kg_OR_25
CEC_CO_mmol+/kg_OR_50;25-50;CEC;OR;;mmol+/kg;cohex;CEC_CO_mmol+/kg_OR_50
CO2_Ámol/l_OW;10-15;CO2;OW;;Ámol/l;icp Bware;CO2_Ámol/l_OW
CO2_Ámol/l_PW;0-25;CO2;PW;;Ámol/l;infrarood Bware;CO2_Ámol/l_PW
CU_CO_mmol+/kg_OR_25;0-25;CU;OR;;mmol+/kg;cohex;CU_CO_mmol+/kg_OR_25
CU_CO_mmol+/kg_OR_50;25-50;CU;OR;;mmol+/kg;cohex;CU_CO_mmol+/kg_OR_50
CaO_xrf_g/kg_OR_25;0-25;CaO;OR;;g/kg;xrf;CaO_xrf_g/kg_OR_25
CaO_xrf_g/kg_OR_50;25-50;CaO;OR;;g/kg;xrf;CaO_xrf_g/kg_OR_50
CaO_xrf_g/kg_SB;0-25;CaO;SB;;g/kg;xrf;CaO_xrf_g/kg_SB
Ca_M3_mg/kg_OR_25;0-25;Ca;OR;;mg/kg;M3;Ca_M3_mg/kg_OR_25
Ca_M3_mg/kg_OR_50;25-50;Ca;OR;;mg/kg;M3;Ca_M3_mg/kg_OR_50
Ca_mmol/kg DW_SB;0-25;Ca;SB;;mmol/kg DW;icp Bware;Ca_mmol/kg DW_SB
Ca_mmol/l FW_SB;0-25;Ca;SB;;mmol/l FW;icp Bware;Ca_mmol/l FW_SB
Ca_Ámol/l_OW;10-15;Ca;OW;;Ámol/l;icp Bware;Ca_Ámol/l_OW
Ca_Ámol/l_PW;0-25;Ca;PW;;Ámol/l;icp Bware;Ca_Ámol/l_PW
Chl-a totaal_ug/l_OW;10-15;Chl-a totaal;OW;;ug/l;icp Bware;Chl-a totaal_ug/l_OW
Cl _mmol/kg DW_SB;0-25;Cl;SB;;mmol/kg DW;icp Bware;Cl _mmol/kg DW_SB
Cl_2_Ámol/l_OW;10-15;Cl2;OW;;Ámol/l;icp Bware;Cl_2_Ámol/l_OW
Cl_2_Ámol/l_PW;0-25;Cl2;PW;;Ámol/l;icp Bware;Cl_2_Ámol/l_PW
Cl_mmol/l FW_SB;0-25;Cl;SB;;mmol/l FW;icp Bware;Cl_mmol/l FW_SB
Cl_Ámol/l_OW;10-15;Cl;OW;;Ámol/l;icp Bware;Cl_Ámol/l_OW
Cl_Ámol/l_PW;0-25;Cl;PW;;Ámol/l;icp Bware;Cl_Ámol/l_PW
Co_CC_Ág/kg_OR_25;0-25;Co;OR;;Ág/kg;calciumchloride;Co_CC_Ág/kg_OR_25
Co_CC_Ág/kg_OR_50;25-50;Co;OR;;Ág/kg;calciumchloride;Co_CC_Ág/kg_OR_50
Co_CC_Ág/kg_SB;0-25;Co;SB;;Ág/kg;calciumchloride;Co_CC_Ág/kg_SB
Co_M3_mg/kg_OR_25;0-25;Co;OR;;mg/kg;M3;Co_M3_mg/kg_OR_25
Co_M3_mg/kg_OR_50;25-50;Co;OR;;mg/kg;M3;Co_M3_mg/kg_OR_50
Co_xrf_mg/kg_OR_25;0-25;Co;OR;;mg/kg;xrf;Co_xrf_mg/kg_OR_25
Co_xrf_mg/kg_OR_50;25-50;Co;OR;;mg/kg;xrf;Co_xrf_mg/kg_OR_50
Co_xrf_mg/kg_SB;0-25;Co;SB;;mg/kg;xrf;Co_xrf_mg/kg_SB
Cr_xrf_mg/kg_OR_25;0-25;Cr;OR;;mg/kg;xrf;Cr_xrf_mg/kg_OR_25
Cr_xrf_mg/kg_OR_50;25-50;Cr;OR;;mg/kg;xrf;Cr_xrf_mg/kg_OR_50
Cr_xrf_mg/kg_SB;0-25;Cr;SB;;mg/kg;xrf;Cr_xrf_mg/kg_SB
Cu_CC_Ág/kg_OR_25;0-25;Cu;OR;;Ág/kg;calciumchloride;Cu_CC_Ág/kg_OR_25
Cu_CC_Ág/kg_OR_50;25-50;Cu;OR;;Ág/kg;calciumchloride;Cu_CC_Ág/kg_OR_50
Cu_CC_Ág/kg_SB;0-25;Cu;SB;;Ág/kg;calciumchloride;Cu_CC_Ág/kg_SB
Cu_M3_mg/kg_OR_25;0-25;Cu;OR;;mg/kg;M3;Cu_M3_mg/kg_OR_25
Cu_M3_mg/kg_OR_50;25-50;Cu;OR;;mg/kg;M3;Cu_M3_mg/kg_OR_50
Cu_xrf_mg/kg_OR_25;0-25;Cu;OR;;mg/kg;xrf;Cu_xrf_mg/kg_OR_25
Cu_xrf_mg/kg_OR_50;25-50;Cu;OR;;mg/kg;xrf;Cu_xrf_mg/kg_OR_50
Cu_xrf_mg/kg_SB;0-25;Cu;SB;;mg/kg;xrf;Cu_xrf_mg/kg_SB
DN_Ámol/l_OW;10-15;DN;OW;;Ámol/l;icp Bware;DN_Ámol/l_OW
DOC_Ámol/l_OW;10-15;DOC;OW;;Ámol/l;icp Bware;DOC_Ámol/l_OW
EGV_Ás/cm_OW;10-15;EGV;OW;;Ás/cm;icp Bware;EGV_Ás/cm_OW
EGV_Ás/cm_PW;0-25;EGV;PW;;Ás/cm;Bware;EGV_Ás/cm_PW
FE_CO_mmol+/kg_OR_25;0-25;FE;OR;;mmol+/kg;cohex;FE_CO_mmol+/kg_OR_25
FE_CO_mmol+/kg_OR_50;25-50;FE;OR;;mmol+/kg;cohex;FE_CO_mmol+/kg_OR_50
Fe/P_DW_SB;0-25;Fe/P;SB;;DW;icp Bware;Fe/P_DW_SB
Fe/P_PW;0-25;Fe/P;PW;;PW;icp Bware;Fe/P_PW
Fe/S_DW_SB;0-25;Fe/S;SB;;DW;icp Bware;Fe/S_DW_SB
Fe2O3_xrf_g/kg_OR_25;0-25;Fe2O3;OR;;g/kg;xrf;Fe2O3_xrf_g/kg_OR_25
Fe2O3_xrf_g/kg_OR_50;25-50;Fe2O3;OR;;g/kg;xrf;Fe2O3_xrf_g/kg_OR_50
Fe2O3_xrf_g/kg_SB;0-25;Fe2O3;SB;;g/kg;xrf;Fe2O3_xrf_g/kg_SB
Fe_CC_mg/kg_OR_25;0-25;Fe;OR;;mg/kg;calciumchloride;Fe_CC_mg/kg_OR_25
Fe_CC_mg/kg_OR_50;25-50;Fe;OR;;mg/kg;calciumchloride;Fe_CC_mg/kg_OR_50
Fe_CC_mg/kg_SB;0-25;Fe;SB;;mg/kg;calciumchloride;Fe_CC_mg/kg_SB
Fe_M3_mg/kg_OR_25;0-25;Fe;OR;;mg/kg;M3;Fe_M3_mg/kg_OR_25
Fe_M3_mg/kg_OR_50;25-50;Fe;OR;;mg/kg;M3;Fe_M3_mg/kg_OR_50
Fe_mmol/kg DW_SB;0-25;Fe;SB;;mmol/kg DW;icp Bware;Fe_mmol/kg DW_SB
Fe_mmol/l FW_SB;0-25;Fe;SB;;mmol/l FW;icp Bware;Fe_mmol/l FW_SB
Fe_Ámol/l_OW;10-15;Fe;OW;;Ámol/l;icp Bware;Fe_Ámol/l_OW
Fe_Ámol/l_PW;0-25;Fe;PW;;Ámol/l;icp Bware;Fe_Ámol/l_PW
Ga_xrf_mg/kg_OR_25;0-25;Ga;OR;;mg/kg;xrf;Ga_xrf_mg/kg_OR_25
Ga_xrf_mg/kg_OR_50;25-50;Ga;OR;;mg/kg;xrf;Ga_xrf_mg/kg_OR_50
Ga_xrf_mg/kg_SB;0-25;Ga;SB;;mg/kg;xrf;Ga_xrf_mg/kg_SB
HCO3_Ámol/l_OW;10-15;HCO3;OW;;Ámol/l;icp Bware;HCO3_Ámol/l_OW
HCO3_Ámol/l_PW;0-25;HCO3;PW;;Ámol/l;infrarood Bware;HCO3_Ámol/l_PW
K _M3_mg/kg_OR_25;0-25;K;OR;;mg/kg;M3;K _M3_mg/kg_OR_25
K _M3_mg/kg_OR_50;25-50;K;OR;;mg/kg;M3;K _M3_mg/kg_OR_50
K2O_xrf_g/kg_OR_25;0-25;K2O;OR;;g/kg;xrf;K2O_xrf_g/kg_OR_25
K2O_xrf_g/kg_OR_50;25-50;K2O;OR;;g/kg;xrf;K2O_xrf_g/kg_OR_50
K2O_xrf_g/kg_SB;0-25;K2O;SB;;g/kg;xrf;K2O_xrf_g/kg_SB
K_2_Ámol/l_OW;10-15;K2;OW;;Ámol/l;icp Bware;K_2_Ámol/l_OW
K_2_Ámol/l_PW;0-25;K2;PW;;Ámol/l;icp Bware;K_2_Ámol/l_PW
K_CC_mg/kg_OR_25;0-25;K;OR;;mg/kg;calciumchloride;K_CC_mg/kg_OR_25
K_CC_mg/kg_OR_50;25-50;K;OR;;mg/kg;calciumchloride;K_CC_mg/kg_OR_50
K_CC_mg/kg_SB;0-25;K;SB;;mg/kg;calciumchloride;K_CC_mg/kg_SB
K_CO_mmol+/kg_OR_25;0-25;K;OR;;mmol+/kg;cohex;K_CO_mmol+/kg_OR_25
K_CO_mmol+/kg_OR_50;25-50;K;OR;;mmol+/kg;cohex;K_CO_mmol+/kg_OR_50
K_mmol/kg DW_SB;0-25;K;SB;;mmol/kg DW;icp Bware;K_mmol/kg DW_SB
K_mmol/l FW_SB;0-25;K;SB;;mmol/l FW;icp Bware;K_mmol/l FW_SB
K_Ámol/l_OW;10-15;K;OW;;Ámol/l;icp Bware;K_Ámol/l_OW
K_Ámol/l_PW;0-25;K;PW;;Ámol/l;icp Bware;K_Ámol/l_PW
Karper_brasem;;Karper_brasem;;;;vegetatieopname;Karper_brasem
MG_CO_mmol+/kg_OR_25;0-25;MG;OR;;mmol+/kg;cohex;MG_CO_mmol+/kg_OR_25
MG_CO_mmol+/kg_OR_50;25-50;MG;OR;;mmol+/kg;cohex;MG_CO_mmol+/kg_OR_50
MN_CO_mmol+/kg_OR_25;0-25;MN;OR;;mmol+/kg;cohex;MN_CO_mmol+/kg_OR_25
MN_CO_mmol+/kg_OR_50;25-50;MN;OR;;mmol+/kg;cohex;MN_CO_mmol+/kg_OR_50
MO_CO_mmol+/kg_OR_25;0-25;MO;OR;;mmol+/kg;cohex;MO_CO_mmol+/kg_OR_25
MO_CO_mmol+/kg_OR_50;25-50;MO;OR;;mmol+/kg;cohex;MO_CO_mmol+/kg_OR_50
MgO_xrf_g/kg_OR_25;0-25;MgO;OR;;g/kg;xrf;MgO_xrf_g/kg_OR_25
MgO_xrf_g/kg_OR_50;25-50;MgO;OR;;g/kg;xrf;MgO_xrf_g/kg_OR_50
MgO_xrf_g/kg_SB;0-25;MgO;SB;;g/kg;xrf;MgO_xrf_g/kg_SB
Mg_CC_mg/kg_OR_25;0-25;Mg;OR;;mg/kg;calciumchloride;Mg_CC_mg/kg_OR_25
Mg_CC_mg/kg_OR_50;25-50;Mg;OR;;mg/kg;calciumchloride;Mg_CC_mg/kg_OR_50
Mg_CC_mg/kg_SB;0-25;Mg;SB;;mg/kg;calciumchloride;Mg_CC_mg/kg_SB
Mg_M3_mg/kg_OR_25;0-25;Mg;OR;;mg/kg;M3;Mg_M3_mg/kg_OR_25
Mg_M3_mg/kg_OR_50;25-50;Mg;OR;;mg/kg;M3;Mg_M3_mg/kg_OR_50
Mg_mmol/kg DW_SB;0-25;Mg;SB;;mmol/kg DW;icp Bware;Mg_mmol/kg DW_SB
Mg_mmol/l FW_SB;0-25;Mg;SB;;mmol/l FW;icp Bware;Mg_mmol/l FW_SB
Mg_Ámol/l_OW;10-15;Mg;OW;;Ámol/l;icp Bware;Mg_Ámol/l_OW
Mg_Ámol/l_PW;0-25;Mg;PW;;Ámol/l;icp Bware;Mg_Ámol/l_PW
MnO_xrf_mg/kg_OR_25;0-25;MnO;OR;;mg/kg;xrf;MnO_xrf_mg/kg_OR_25
MnO_xrf_mg/kg_OR_50;25-50;MnO;OR;;mg/kg;xrf;MnO_xrf_mg/kg_OR_50
MnO_xrf_mg/kg_SB;0-25;MnO;SB;;mg/kg;xrf;MnO_xrf_mg/kg_SB
Mn_CC_mg/kg_OR_25;0-25;Mn;OR;;mg/kg;calciumchloride;Mn_CC_mg/kg_OR_25
Mn_CC_mg/kg_OR_50;25-50;Mn;OR;;mg/kg;calciumchloride;Mn_CC_mg/kg_OR_50
Mn_CC_mg/kg_SB;0-25;Mn;SB;;mg/kg;calciumchloride;Mn_CC_mg/kg_SB
Mn_M3_mg/kg_OR_25;0-25;Mn;OR;;mg/kg;M3;Mn_M3_mg/kg_OR_25
Mn_M3_mg/kg_OR_50;25-50;Mn;OR;;mg/kg;M3;Mn_M3_mg/kg_OR_50
Mn_mmol/kg DW_SB;0-25;Mn;SB;;mmol/kg DW;icp Bware;Mn_mmol/kg DW_SB
Mn_mmol/l FW_SB;0-25;Mn;SB;;mmol/l FW;icp Bware;Mn_mmol/l FW_SB
Mn_Ámol/l_OW;10-15;Mn;OW;;Ámol/l;icp Bware;Mn_Ámol/l_OW
Mn_Ámol/l_PW;0-25;Mn;PW;;Ámol/l;icp Bware;Mn_Ámol/l_PW
Mo_CC_mg/kg_OR_25;0-25;Mo;OR;;mg/kg;calciumchloride;Mo_CC_mg/kg_OR_25
Mo_CC_mg/kg_OR_50;25-50;Mo;OR;;mg/kg;calciumchloride;Mo_CC_mg/kg_OR_50
Mo_CC_mg/kg_SB;0-25;Mo;SB;;mg/kg;calciumchloride;Mo_CC_mg/kg_SB
Mo_M3_mg/kg_OR_25;0-25;Mo;OR;;mg/kg;M3;Mo_M3_mg/kg_OR_25
Mo_M3_mg/kg_OR_50;25-50;Mo;OR;;mg/kg;M3;Mo_M3_mg/kg_OR_50
N-NH4_CC_mg/kg_OR_25;0-25;N-NH4;OR;;mg/kg;calciumchloride;N-NH4_CC_mg/kg_OR_25
N-NH4_CC_mg/kg_OR_50;25-50;N-NH4;OR;;mg/kg;calciumchloride;N-NH4_CC_mg/kg_OR_50
N-NH4_CC_mg/kg_SB;0-25;N-NH4;SB;;mg/kg;calciumchloride;N-NH4_CC_mg/kg_SB
N-NO2_CC_mg/kg_OR_25;0-25;N-NO2;OR;;mg/kg;calciumchloride;N-NO2_CC_mg/kg_OR_25
N-NO2_CC_mg/kg_OR_50;25-50;N-NO2;OR;;mg/kg;calciumchloride;N-NO2_CC_mg/kg_OR_50
N-NO2_CC_mg/kg_SB;0-25;N-NO2;SB;;mg/kg;calciumchloride;N-NO2_CC_mg/kg_SB
N-NO3_CC_mg/kg_OR_25;0-25;N-NO3;OR;;mg/kg;calciumchloride;N-NO3_CC_mg/kg_OR_25
N-NO3_CC_mg/kg_OR_50;25-50;N-NO3;OR;;mg/kg;calciumchloride;N-NO3_CC_mg/kg_OR_50
N-NO3_CC_mg/kg_SB;0-25;N-NO3;SB;;mg/kg;calciumchloride;N-NO3_CC_mg/kg_SB
NA_CO_mmol+/kg_OR_25;0-25;Na;OR;;mmol+/kg;cohex;NA_CO_mmol+/kg_OR_25
NA_CO_mmol+/kg_OR_50;25-50;Na;OR;;mmol+/kg;cohex;NA_CO_mmol+/kg_OR_50
NH4_Ámol/l_OW;10-15;NH4;OW;;Ámol/l;icp Bware;NH4_Ámol/l_OW
NH4_Ámol/l_PW;0-25;NH4;PW;;Ámol/l;icp Bware;NH4_Ámol/l_PW
NI_CO_mmol+/kg_OR_25;0-25;NI;OR;;mmol+/kg;cohex;NI_CO_mmol+/kg_OR_25
NI_CO_mmol+/kg_OR_50;25-50;NI;OR;;mmol+/kg;cohex;NI_CO_mmol+/kg_OR_50
NO3_Ámol/l_OW;10-15;NO3;OW;;Ámol/l;icp Bware;NO3_Ámol/l_OW
NO3_Ámol/l_PW;0-25;NO3;PW;;Ámol/l;icp Bware;NO3_Ámol/l_PW
Na2O_xrf_g/kg_OR_25;0-25;Na2O;OR;;g/kg;xrf;Na2O_xrf_g/kg_OR_25
Na2O_xrf_g/kg_OR_50;25-50;Na2O;OR;;g/kg;xrf;Na2O_xrf_g/kg_OR_50
Na2O_xrf_g/kg_SB;0-25;Na2O;SB;;g/kg;xrf;Na2O_xrf_g/kg_SB
Na_2_Ámol/l_OW;10-15;Na2;OW;;Ámol/l;icp Bware;Na_2_Ámol/l_OW
Na_2_Ámol/l_PW;0-25;Na2;PW;;Ámol/l;icp Bware;Na_2_Ámol/l_PW
Na_CC_mg/kg_OR_25;0-25;Na;OR;;mg/kg;calciumchloride;Na_CC_mg/kg_OR_25
Na_CC_mg/kg_OR_50;25-50;Na;OR;;mg/kg;calciumchloride;Na_CC_mg/kg_OR_50
Na_CC_mg/kg_SB;0-25;Na;SB;;mg/kg;calciumchloride;Na_CC_mg/kg_SB
Na_M3_mg/kg_OR_25;0-25;Na;OR;;mg/kg;M3;Na_M3_mg/kg_OR_25
Na_M3_mg/kg_OR_50;25-50;Na;OR;;mg/kg;M3;Na_M3_mg/kg_OR_50
Na_mmol/kg DW_SB;0-25;Na;SB;;mmol/kg DW;icp Bware;Na_mmol/kg DW_SB
Na_mmol/l FW_SB;0-25;Na;SB;;mmol/l FW;icp Bware;Na_mmol/l FW_SB
Na_Ámol/l_OW;10-15;Na;OW;;Ámol/l;icp Bware;Na_Ámol/l_OW
Na_Ámol/l_PW;0-25;Na;PW;;Ámol/l;icp Bware;Na_Ámol/l_PW
Nb_xrf_mg/kg_OR_25;0-25;Nb;OR;;mg/kg;xrf;Nb_xrf_mg/kg_OR_25
Nb_xrf_mg/kg_OR_50;25-50;Nb;OR;;mg/kg;xrf;Nb_xrf_mg/kg_OR_50
Nb_xrf_mg/kg_SB;0-25;Nb;SB;;mg/kg;xrf;Nb_xrf_mg/kg_SB
Ni_CC_Ág/kg_OR_25;0-25;Ni;OR;;Ág/kg;calciumchloride;Ni_CC_Ág/kg_OR_25
Ni_CC_Ág/kg_OR_50;25-50;Ni;OR;;Ág/kg;calciumchloride;Ni_CC_Ág/kg_OR_50
Ni_CC_Ág/kg_SB;0-25;Ni;SB;;Ág/kg;calciumchloride;Ni_CC_Ág/kg_SB
Ni_M3_mg/kg_OR_25;0-25;Ni;OR;;mg/kg;M3;Ni_M3_mg/kg_OR_25
Ni_M3_mg/kg_OR_50;25-50;Ni;OR;;mg/kg;M3;Ni_M3_mg/kg_OR_50
Ni_xrf_mg/kg_OR_25;0-25;Ni;OR;;mg/kg;xrf;Ni_xrf_mg/kg_OR_25
Ni_xrf_mg/kg_OR_50;25-50;Ni;OR;;mg/kg;xrf;Ni_xrf_mg/kg_OR_50
Ni_xrf_mg/kg_SB;0-25;Ni;SB;;mg/kg;xrf;Ni_xrf_mg/kg_SB
OS gehalte_%_SB;0-25;organisch stof;SB;;%;Bware;OS gehalte_%_SB
Oeverzone_2_veg_vorigjaar;;vegvorigjaar;OR;;;vegetatieopname;Oeverzone_2_veg_vorigjaar
Oeverzone_2a_breedte_cm;;breedte;OR;2a;cm;vegetatieopname;Oeverzone_2a_breedte_cm
Oeverzone_2a_emers_perc;;emers;OR;2a;%;vegetatieopname;Oeverzone_2a_emers (%)
Oeverzone_2a_gem_veg_hoogte_cm;;gemveghoogte;OR;2a;cm;vegetatieopname;Oeverzone_2a_gem_veg_hoogte_cm
Oeverzone_2a_hout_perc;;hout;OR;2a;%;vegetatieopname;Oeverzone_2a_hout (%)
Oeverzone_2a_kaal_perc;;kaal;OR;2a;%;vegetatieopname;Oeverzone_2a_kaal (%)
Oeverzone_2a_kraggen_perc;;kraggen;OR;2a;%;vegetatieopname;Oeverzone_2a_kraggen (%)
Oeverzone_2a_natans_perc;;natans;OR;2a;%;vegetatieopname;Oeverzone_2a_natans (%)
Oeverzone_2a_subm_tot_perc;;subm;OR;2a;%;vegetatieopname;Oeverzone_2a_subm_tot (%)
Oeverzone_2a_ter_gras_kruid_perc;;graskruiden;OR;2a;%;vegetatieopname;Oeverzone_2a_ter_gras_kruid (%)
Oeverzone_2b_Vertrapping_lengte_perc;;Vertrappinglengte;OR;2b;%;vegetatieopname;Oeverzone_2b_Vertrapping_lengte (%)
Oeverzone_2b_Vertrapping_schade;;Vertrappingschade;OR;2b;;vegetatieopname;Oeverzone_2b_Vertrapping_schade
Oeverzone_2b_breedte_cm;;breedte;OR;2b;cm;vegetatieopname;Oeverzone_2b_breedte_cm
Oeverzone_2b_emers_perc;;emers;OR;2b;%;vegetatieopname;Oeverzone_2b_emers (%)
Oeverzone_2b_gem_veg_hoogte_cm;;gemveghoogte;OR;2b;cm;vegetatieopname;Oeverzone_2b_gem_veg_hoogte_cm
Oeverzone_2b_hout_perc;;hout;OR;2b;%;vegetatieopname;Oeverzone_2b_hout (%)
Oeverzone_2b_kaal_perc;;kaal;OR;2b;%;vegetatieopname;Oeverzone_2b_kaal (%)
Oeverzone_2b_kraggen_perc;;kraggen;OR;2b;%;vegetatieopname;Oeverzone_2b_kraggen (%)
Oeverzone_2b_ter_gras_kruid_perc;;graskruiden;OR;2b;%;vegetatieopname;Oeverzone_2b_ter_gras_kruid (%)
Oeverzone_2b_ter_prodgras_perc;;prodgras;OR;2b;%;vegetatieopname;Oeverzone_2b_ter_prodgras (%)
P _M3_mg/kg_OR_25;0-25;P;OR;;mg/kg;M3;P _M3_mg/kg_OR_25
P _M3_mg/kg_OR_50;25-50;P;OR;;mg/kg;M3;P _M3_mg/kg_OR_50
P-AL mg/kg_OR_25;0-25;P-AL;OR;;mg/kg;OR;P-AL mg/kg_OR_25
P-AL mg/kg_OR_50;25-50;P-AL;OR;;mg/kg;OR;P-AL mg/kg_OR_50
P-AL mg/kg_SB;0-25;P-AL;SB;;mg/kg;pal;P-AL mg/kg_SB
P-PO4_CC_mg/kg_OR_25;0-25;P-PO4;OR;;mg/kg;calciumchloride;P-PO4_CC_mg/kg_OR_25
P-PO4_CC_mg/kg_OR_50;25-50;P-PO4;OR;;mg/kg;calciumchloride;P-PO4_CC_mg/kg_OR_50
P-PO4_CC_mg/kg_SB;0-25;P-PO4;SB;;mg/kg;calciumchloride;P-PO4_CC_mg/kg_SB
P2O5_xrf_g/kg_OR_25;0-25;P2O5;OR;;g/kg;xrf;P2O5_xrf_g/kg_OR_25
P2O5_xrf_g/kg_OR_50;25-50;P2O5;OR;;g/kg;xrf;P2O5_xrf_g/kg_OR_50
P2O5_xrf_g/kg_SB;0-25;P2O5;SB;;g/kg;xrf;P2O5_xrf_g/kg_SB
PO4_Ámol/l_OW;10-15;PO4;OW;;Ámol/l;icp Bware;PO4_Ámol/l_OW
P_CC_mg/kg_OR_25;0-25;P;OR;;mg/kg;calciumchloride;P_CC_mg/kg_OR_25
P_CC_mg/kg_OR_50;25-50;P;OR;;mg/kg;calciumchloride;P_CC_mg/kg_OR_50
P_CC_mg/kg_SB;0-25;P;SB;;mg/kg;calciumchloride;P_CC_mg/kg_SB
P_CC_org_mg/kg_OR_25;0-25;P;OR;;org;calciumchloride;P_CC_org_mg/kg_OR_25
P_CC_org_mg/kg_OR_50;25-50;P;OR;;org;calciumchloride;P_CC_org_mg/kg_OR_50
P_CC_org_mg/kg_SB;0-25;P;SB;;mg/kg;calciumchloride;P_CC_org_mg/kg_SB
P_CO_mmol-/kg_OR_25;0-25;P;OR;;mmol-/kg;cohex;P_CO_mmol-/kg_OR_25
P_CO_mmol-/kg_OR_50;25-50;P;OR;;mmol-/kg;cohex;P_CO_mmol-/kg_OR_50
P_mmol/kg DW_SB;0-25;P;SB;;mmol/kg DW;icp Bware;P_mmol/kg DW_SB
P_mmol/l FW_SB;0-25;P;SB;;mmol/l FW;icp Bware;P_mmol/l FW_SB
P_Ámol/l_OW;10-15;P;OW;;Ámol/l;icp Bware;P_Ámol/l_OW
P_Ámol/l_PW;0-25;P;PW;;Ámol/l;icp Bware;P_Ámol/l_PW
Pb_xrf_mg/kg_OR_25;0-25;Pb;OR;;mg/kg;xrf;Pb_xrf_mg/kg_OR_25
Pb_xrf_mg/kg_OR_50;25-50;Pb;OR;;mg/kg;xrf;Pb_xrf_mg/kg_OR_50
Pb_xrf_mg/kg_SB;0-25;Pb;SB;;mg/kg;xrf;Pb_xrf_mg/kg_SB
Perceel_4_hout_perc;;hout;;4;%;vegetatieopname;Perceel_4_hout (%)
Perceel_4_kaal_perc;;kaal;;4;%;vegetatieopname;Perceel_4_kaal (%)
Perceel_4_ter_gras_kruid_perc;;graskruiden;;4;%;vegetatieopname;Perceel_4_ter_gras_kruid (%)
Perceel_4_ter_prodgras_perc;;prodgras;;4;%;vegetatieopname;Perceel_4_ter_prodgras (%)
S _M3_mg/kg_OR_25;0-25;S;OR;;mg/kg;M3;S _M3_mg/kg_OR_25
S _M3_mg/kg_OR_50;25-50;S;OR;;mg/kg;M3;S _M3_mg/kg_OR_50
SO3_xrf_g/kg_OR_25;0-25;SO3;OR;;g/kg;xrf;SO3_xrf_g/kg_OR_25
SO3_xrf_g/kg_OR_50;25-50;SO3;OR;;g/kg;xrf;SO3_xrf_g/kg_OR_50
SO3_xrf_g/kg_SB;0-25;SO3;SB;;g/kg;xrf;SO3_xrf_g/kg_SB
S_CC_mg/kg_OR_25;0-25;S;OR;;mg/kg;calciumchloride;S_CC_mg/kg_OR_25
S_CC_mg/kg_OR_50;25-50;S;OR;;mg/kg;calciumchloride;S_CC_mg/kg_OR_50
S_CC_mg/kg_SB;0-25;S;SB;;mg/kg;calciumchloride;S_CC_mg/kg_SB
S_CO_mmol-/kg_OR_25;0-25;S;OR;;mmol-/kg;cohex;S_CO_mmol-/kg_OR_25
S_CO_mmol-/kg_OR_50;25-50;S;OR;;mmol-/kg;cohex;S_CO_mmol-/kg_OR_50
S_mmol/kg DW_SB;0-25;S;SB;;mmol/kg DW;icp Bware;S_mmol/kg DW_SB
S_mmol/l FW_SB;0-25;S;SB;;mmol/l FW;icp Bware;S_mmol/l FW_SB
S_Ámol/l_OW;10-15;S;OW;;Ámol/l;icp Bware;S_Ámol/l_OW
S_Ámol/l_PW;0-25;S;PW;;Ámol/l;icp Bware;S_Ámol/l_PW
SiO2_xrf_g/kg_OR_25;0-25;SiO2;OR;;g/kg;xrf;SiO2_xrf_g/kg_OR_25
SiO2_xrf_g/kg_OR_50;25-50;SiO2;OR;;g/kg;xrf;SiO2_xrf_g/kg_OR_50
SiO2_xrf_g/kg_SB;0-25;SiO2;SB;;g/kg;xrf;SiO2_xrf_g/kg_SB
Si_mmol/kg DW_SB;0-25;Si;SB;;mmol/kg DW;icp Bware;Si_mmol/kg DW_SB
Si_mmol/l FW_SB;0-25;Si;SB;;mmol/l FW;icp Bware;Si_mmol/l FW_SB
Si_Ámol/l_OW;10-15;Si;OW;;Ámol/l;icp Bware;Si_Ámol/l_OW
Si_Ámol/l_PW;0-25;Si;PW;;Ámol/l;icp Bware;Si_Ámol/l_PW
Sr_xrf_mg/kg_OR_25;0-25;Sr;OR;;mg/kg;xrf;Sr_xrf_mg/kg_OR_25
Sr_xrf_mg/kg_OR_50;25-50;Sr;OR;;mg/kg;xrf;Sr_xrf_mg/kg_OR_50
Sr_xrf_mg/kg_SB;0-25;Sr;SB;;mg/kg;xrf;Sr_xrf_mg/kg_SB
TIC conc _Ámol/l_OW;10-15;TIC conc;OW;;Ámol/l;icp Bware;TIC conc _Ámol/l_OW
TIC conc _Ámol/l_PW;0-25;TIC conc;PW;;Ámol/l;infrarood Bware;TIC conc _Ámol/l_PW
TN_Ámol/l_OW;10-15;TN;OW;;Ámol/l;icp Bware;TN_Ámol/l_OW
TOC [%]_OR_25;0-25;TOC;OR;;%;agroCares;TOC [%]_OR_25
TOC [%]_OR_50;25-50;TOC;OR;;%;agroCares;TOC [%]_OR_50
TOC [g/kg]_OR_25;0-25;TOC;OR;;g/kg;agroCares;TOC [g/kg]_OR_25
TOC [g/kg]_OR_50;25-50;TOC;OR;;g/kg;agroCares;TOC [g/kg]_OR_50
TOC_Ámol/l_OW;10-15;TOC;OW;;Ámol/l;icp Bware;TOC_Ámol/l_OW
Terzone_3_Vertrapping_lengte_perc;;Vertrappinglengte;;3;%;vegetatieopname;Terzone_3_Vertrapping_lengte (%)
Terzone_3_Vertrapping_schade;;Vertrappingschade;;3;;vegetatieopname;Terzone_3_Vertrapping_schade
Terzone_3_breedte_cm;;breedte;;3;cm;vegetatieopname;Terzone_3_breedte_cm
Terzone_3_emers_perc;;emers;;3;%;vegetatieopname;Terzone_3_emers (%)
Terzone_3_gem_veg_hoogte_cm;;gemveghoogte;;3;cm;vegetatieopname;Terzone_3_gem_veg_hoogte_cm
Terzone_3_hout_perc;;hout;;3;%;vegetatieopname;Terzone_3_hout (%)
Terzone_3_kaal_perc;;kaal;;3;%;vegetatieopname;Terzone_3_kaal (%)
Terzone_3_ter_gras_kruid_perc;;graskruiden;;3;%;vegetatieopname;Terzone_3_ter_gras_kruid (%)
Terzone_3_ter_prodgras_perc;;prodgras;;3;%;vegetatieopname;Terzone_3_ter_prodgras (%)
TiO2_xrf_g/kg_OR_25;0-25;TiO2;OR;;g/kg;xrf;TiO2_xrf_g/kg_OR_25
TiO2_xrf_g/kg_OR_50;25-50;TiO2;OR;;g/kg;xrf;TiO2_xrf_g/kg_OR_50
TiO2_xrf_g/kg_SB;0-25;TiO2;SB;;g/kg;xrf;TiO2_xrf_g/kg_SB
V _M3_mg/kg_OR_25;0-25;V;OR;;mg/kg;M3;V _M3_mg/kg_OR_25
V _M3_mg/kg_OR_50;25-50;V;OR;;mg/kg;M3;V _M3_mg/kg_OR_50
V_CO_mmol+/kg_OR_25;0-25;V;OR;;mmol+/kg;cohex;V_CO_mmol+/kg_OR_25
V_CO_mmol+/kg_OR_50;25-50;V;OR;;mmol+/kg;cohex;V_CO_mmol+/kg_OR_50
V_xrf_mg/kg_OR_25;0-25;V;OR;;mg/kg;xrf;V_xrf_mg/kg_OR_25
V_xrf_mg/kg_OR_50;25-50;V;OR;;mg/kg;xrf;V_xrf_mg/kg_OR_50
V_xrf_mg/kg_SB;0-25;V;SB;;mg/kg;xrf;V_xrf_mg/kg_SB
Waterzone_1_FLAB_perc;;FLAB;OW;1;%;vegetatieopname;Waterzone_1_FLAB (%)
Waterzone_1_breedte_cm;;breedte;OW;1;cm;vegetatieopname;Waterzone_1_breedte_cm
Waterzone_1_emers_perc;;emers;OW;1;%;vegetatieopname;Waterzone_1_emers (%)
Waterzone_1_gem_veg_diepte_cm;;gemvegdiepte;OW;1;cm;vegetatieopname;Waterzone_1_gem_veg_diepte_cm
Waterzone_1_kaal_perc;;kaal;OW;1;%;vegetatieopname;Waterzone_1_kaal (%)
Waterzone_1_kroos_perc;;kroos;OW;1;%;vegetatieopname;Waterzone_1_kroos (%)
Waterzone_1_min_veg_diepte_cm;;minvegdiepte;OW;1;cm;vegetatieopname;Waterzone_1_min_veg_diepte_cm
Waterzone_1_natans_perc;;natans;OW;1;%;vegetatieopname;Waterzone_1_natans (%)
Waterzone_1_subm_tot_perc;;subm;OW;1;%;vegetatieopname;Waterzone_1_subm_tot (%)
ZN_CO_mmol+/kg_OR_25;0-25;ZN;OR;;mmol+/kg;cohex;ZN_CO_mmol+/kg_OR_25
ZN_CO_mmol+/kg_OR_50;25-50;ZN;OR;;mmol+/kg;cohex;ZN_CO_mmol+/kg_OR_50
Z_AFSLIB_SA_OR_25;0-25;Afslibbaar;OR;;%;liab;Afslibbaar_25
Z_AFSLIB_SA_OR_50;25-50;Afslibbaar;OR;;%;liab;Afslibbaar_25
Z_B_CACL2_OR_25;0-25;Boron (CaCl2);OR;;Ág/kg;liab;Boron (CaCl2)_25
Z_B_CACL2_OR_50;25-50;Boron (CaCl2);OR;;Ág/kg;liab;Boron (CaCl2)_25
Z_CACO3_IF_OR_25;0-25;inorganic carbon;OR;;%;liab;inorganic carbon_25
Z_CACO3_IF_OR_50;25-50;inorganic carbon;OR;;%;liab;inorganic carbon_25
Z_CLAY_SA_OR_25;0-25;kleigehalte;OR;;%;liab;kleigehalte_25
Z_CLAY_SA_OR_50;25-50;kleigehalte;OR;;%;liab;kleigehalte_25
Z_CO_CACL2_OR_25;0-25;Cobalt (CaCl2);OR;;Ág/kg;liab;Cobalt (CaCl2)_25
Z_CO_CACL2_OR_50;25-50;Cobalt (CaCl2);OR;;Ág/kg;liab;Cobalt (CaCl2)_25
Z_CU_CACL2_OR_25;0-25;Copper (CaCl2);OR;;Ág/kg;liab;Copper (CaCl2)_25
Z_CU_CACL2_OR_50;25-50;Copper (CaCl2);OR;;Ág/kg;liab;Copper (CaCl2)_25
Z_FE_CACL2_OR_25;0-25;Iron (CaCl2);OR;;Ág/kg;liab;Iron (CaCl2)_25
Z_FE_CACL2_OR_50;25-50;Iron (CaCl2);OR;;Ág/kg;liab;Iron (CaCl2)_25
Z_K_CACL2_OR_25;0-25;Potassium (CaCl2);OR;;mg K / kg;liab;Potassium (CaCl2)_25
Z_K_CACL2_OR_50;25-50;Potassium (CaCl2);OR;;mg K / kg;liab;Potassium (CaCl2)_25
Z_K_HCL_OR_25;0-25;K-HCl;OR;;mg K2O / kg;liab;K-HCl_25
Z_K_HCL_OR_50;25-50;K-HCl;OR;;mg K2O / kg;liab;K-HCl_25
Z_MG_CACL2_OR_25;0-25;Magnesium (CaCl2);OR;;mg/kg;liab;Magnesium (CaCl2)_25
Z_MG_CACL2_OR_50;25-50;Magnesium (CaCl2);OR;;mg/kg;liab;Magnesium (CaCl2)_25
Z_MN_CACL2_OR_25;0-25;Manganese (CaCl2);OR;;Ág/kg;liab;Manganese (CaCl2)_25
Z_MN_CACL2_OR_50;25-50;Manganese (CaCl2);OR;;Ág/kg;liab;Manganese (CaCl2)_25
Z_NA_CACL2_OR_25;0-25;Sodium (CaCl2);OR;;mg/kg;liab;Sodium (CaCl2)_25
Z_NA_CACL2_OR_50;25-50;Sodium (CaCl2);OR;;mg/kg;liab;Sodium (CaCl2)_25
Z_OM1_OF_OR_25;0-25;organisch stof;OR;;%;liab;organisch stof_25
Z_OM1_OF_OR_50;25-50;organisch stof;OR;;%;liab;organisch stof_25
Z_P_AL_OR_25;0-25;P-AL;OR;;mg P2O5 / 100g;liab;P-AL_25
Z_P_AL_OR_50;25-50;P-AL;OR;;mg P2O5 / 100g;liab;P-AL_25
Z_P_CACL2_OR_25;0-25;P (CaCl2);OR;;mg/kg;liab;P (CaCl2)_25
Z_P_CACL2_OR_50;25-50;P (CaCl2);OR;;mg/kg;liab;P (CaCl2)_25
Z_P_WA1_OR_25;0-25;P (water);OR;;mg P2O5 / l;liab;P (water)_25
Z_P_WA1_OR_50;25-50;P (water);OR;;mg P2O5 / l;liab;P (water)_25
Z_SAND_SA_OR_25;0-25;zandgehalte;OR;;%;liab;zandgehalte_25
Z_SAND_SA_OR_50;25-50;zandgehalte;OR;;%;liab;zandgehalte_25
Z_SE_CACL2_OR_25;0-25;Selenium (CaCl2);OR;;Ág/kg;liab;Selenium (CaCl2)_25
Z_SE_CACL2_OR_50;25-50;Selenium (CaCl2);OR;;Ág/kg;liab;Selenium (CaCl2)_25
Z_SILT_SA_OR_25;0-25;slibgehalte (monster);OR;;%;liab;slibgehalte (monster)_25
Z_SILT_SA_OR_50;25-50;slibgehalte (monster);OR;;%;liab;slibgehalte (monster)_25
Z_SI_CACL2_OR_25;0-25;Silicium (CaCl2);OR;;Ág/kg;liab;Silicium (CaCl2)_25
Z_SI_CACL2_OR_50;25-50;Silicium (CaCl2);OR;;Ág/kg;liab;Silicium (CaCl2)_25
Z_SSUPPLY_RT_OR_25;0-25;SLV;OR;;;liab;SLV_25
Z_SSUPPLY_RT_OR_50;25-50;SLV;OR;;;liab;SLV_25
Z_ZN_CACL2_OR_25;0-25;Zinc (CaCl2) ug / kg;OR;;Ág/kg;liab;Zinc (CaCl2) ug / kg_25
Z_ZN_CACL2_OR_50;25-50;Zinc (CaCl2) ug / kg;OR;;Ág/kg;liab;Zinc (CaCl2) ug / kg_25
Zn_CC_Ág/kg_OR_25;0-25;Zn;OR;;Ág/kg;calciumchloride;Zn_CC_Ág/kg_OR_25
Zn_CC_Ág/kg_OR_50;25-50;Zn;OR;;Ág/kg;calciumchloride;Zn_CC_Ág/kg_OR_50
Zn_CC_Ág/kg_SB;0-25;Zn;SB;;Ág/kg;calciumchloride;Zn_CC_Ág/kg_SB
Zn_M3_mg/kg_OR_25;0-25;Zn;OR;;mg/kg;M3;Zn_M3_mg/kg_OR_25
Zn_M3_mg/kg_OR_50;25-50;Zn;OR;;mg/kg;M3;Zn_M3_mg/kg_OR_50
Zn_mmol/kg DW_SB;0-25;Zn;SB;;mmol/kg DW;icp Bware;Zn_mmol/kg DW_SB
Zn_mmol/l FW_SB;0-25;Zn;SB;;mmol/l FW;icp Bware;Zn_mmol/l FW_SB
Zn_xrf_mg/kg_OR_25;0-25;Zn;OR;;mg/kg;xrf;Zn_xrf_mg/kg_OR_25
Zn_xrf_mg/kg_OR_50;25-50;Zn;OR;;mg/kg;xrf;Zn_xrf_mg/kg_OR_50
Zn_xrf_mg/kg_SB;0-25;Zn;SB;;mg/kg;xrf;Zn_xrf_mg/kg_SB
Zn_Ámol/l_OW;10-15;Zn;OW;;Ámol/l;icp Bware;Zn_Ámol/l_OW
Zn_Ámol/l_PW;0-25;Zn;PW;;Ámol/l;icp Bware;Zn_Ámol/l_PW
afwatopp;;afwatopp;;;;geodata;afwatopp
alk_meq/l_OW;10-15;alk;OW;;meq/l;icp Bware;alk_meq/l_OW
alk_meq/l_PW;0-25;alk;PW;;meq/l;Bware;alk_meq/l_PW
basen_bez_OR_25;0-25;basen;OR;;OR;berekend;basen_bez_OR_25
basen_bez_OR_50;25-50;basenbezetting;OR;;OR;berekend;basen_bez_OR_50
blauwalg_ug/l_OW;10-15;blauwalg;OW;;ug/l;icp Bware;blauwalg_ug/l_OW
breedtewl;;breedtewl;;;;geodata;breedtewl
bruinalg_ug/l_OW;10-15;bruinalg;OW;;ug/l;icp Bware;bruinalg_ug/l_OW
bulk density_kg DW/L FW_SB;0-25;bulk density;SB;;kg DW/L FW;Bware;bulk density_kg DW/L FW_SB
clusters;;clusters;;;;geodata;clusters
clusters_clustber;;clusters;;;;;clusters_clustber
doorzicht2_mid_cm;10-15;doorzicht;OW;;cm;;doorzicht2_mid_cm
drglg;;drooglegging;;;m;;drglg
drlg;;drlg;;;;geodata;drlg
ext.__OW;10-15;extinctie;OW;;;icp Bware;ext.__OW
ext__PW;0-25;ext;PW;;;Bware;ext__PW
feP_CC_SB_SB;0-25;feP;SB;;;calciumchloride;feP_CC_SB_SB
feP_DW_SB;0-25;feP;SB;;DW;icp Bware;feP_DW_SB
feP_OR_CC_OR_25;0-25;feP;OR;;CC;OR;feP_OR_CC_OR_25
feP_OR_CC_OR_50;25-50;feP;OR;;CC;OR;feP_OR_CC_OR_50
feP_OR_XRF_OR_25;0-25;feP;OR;;XRF;OR;feP_OR_XRF_OR_25
feP_OR_XRF_OR_50;25-50;feP;OR;;XRF;OR;feP_OR_XRF_OR_50
feP_PW;0-25;feP;PW;;;icp Bware;feP_PW
feP_XRF_SB_SB;0-25;feP;SB;;;xrf;feP_XRF_SB_SB
feS_CC_SB_SB;0-25;feS;SB;;;calciumchloride;feS_CC_SB_SB
feS_DW_SB;0-25;feS;SB;;DW;icp Bware;feS_DW_SB
feS_OR_CC_OR_25;0-25;feS;OR;;CC;OR;feS_OR_CC_OR_25
feS_OR_CC_OR_50;25-50;feS;OR;;CC;OR;feS_OR_CC_OR_50
feS_OR_XRF_OR_25;0-25;feS;OR;;XRF;OR;feS_OR_XRF_OR_25
feS_OR_XRF_OR_50;25-50;feS;OR;;XRF;OR;feS_OR_XRF_OR_50
feS_PW;0-25;feS;PW;;;icp Bware;feS_PW
feS_XRF_SB_SB;0-25;feS;SB;;;xrf;feS_XRF_SB_SB
groenalg_ug/l_OW;10-15;groenalg;OW;;ug/l;icp Bware;groenalg_ug/l_OW
holleoever;0-25;holleoever;SB;;;insitu;holleoever
insteek_(10,20];;indringingsweerstand;;;mPa;penetrometer;insteek_(10,20]
insteek_(20,30];;indringingsweerstand;;;mPa;penetrometer;insteek_(20,30]
insteek_(30,40];;indringingsweerstand;;;mPa;penetrometer;insteek_(30,40]
insteek_(40,50];;indringingsweerstand;;;mPa;penetrometer;insteek_(40,50]
insteek_(50,85];;indringingsweerstand;;;mPa;penetrometer;insteek_(50,85]
insteek_[0,10];;indringingsweerstand;;;mPa;penetrometer;insteek_[0,10]
max_slib;;slibdikte;;;m;;max_slib
max_wtd;;waterdiepte;;;m;;max_wtd
nr lab_OW;10-15;nr lab;OW;;OW;icp Bware;nr lab_OW
nr lab_PW;0-25;nr lab;PW;;PW;Bware;nr lab_PW
oever_(10,20];;indringingsweerstand;;;mPa;penetrometer;oever_(10,20]
oever_(20,30];;indringingsweerstand;;;mPa;penetrometer;oever_(20,30]
oever_(30,40];;indringingsweerstand;;;mPa;penetrometer;oever_(30,40]
oever_(40,50];;indringingsweerstand;;;mPa;penetrometer;oever_(40,50]
oever_(50,85];;indringingsweerstand;;;mPa;penetrometer;oever_(50,85]
oever_[0,10];;indringingsweerstand;;;mPa;penetrometer;oever_[0,10]
pH_CC_OR_25;0-25;pH;OR;;OR;calciumchloride;pH_CC_OR_25
pH_CC_OR_50;25-50;pH;OR;;OR;calciumchloride;pH_CC_OR_50
pH_CC_SB;0-25;pH;SB;;;calciumchloride;pH_CC_SB
pH_OW;10-15;pH;OW;;OW;icp Bware;pH_OW
pH_PW;0-25;pH;PW;;PW;Bware;pH_PW
perceel_(10,20];;indringingsweerstand;;;mPa;penetrometer;perceel_(10,20]
perceel_(20,30];;indringingsweerstand;;;mPa;penetrometer;perceel_(20,30]
perceel_(30,40];;indringingsweerstand;;;mPa;penetrometer;perceel_(30,40]
perceel_(40,50];;indringingsweerstand;;;mPa;penetrometer;perceel_(40,50]
perceel_(50,85];;indringingsweerstand;;;mPa;penetrometer;perceel_(50,85]
perceel_[0,10];;indringingsweerstand;;;mPa;penetrometer;perceel_[0,10]
slib_O2_mgL;0-25;O2;SB;;mg/l;insitu;slib_O2_mgL
slib_conductiviteit_uS_cm;0-25;conductiviteit;SB;;Á/S;insitu;slib_conductiviteit_uS_cm
slib_pH;0-25;pH;SB;;;insitu;slib_pH
slib_redox_mgL;0-25;redox;SB;;mg/l;insitu;slib_redox_mgL
sloot_nr;;sloot;;;;insitu;sloot_nr
tldk_oevrwtr_perc;;tldk_bovenwater;;;%;berekend;tldk_oevrwtr (%)
tldk_vastbodem_perc;;tldk_vastebodem;;;%;berekend;tldk_vastbodem (%)
tldk_wtrwtr_perc;;tldk_onderwater;;;%;berekend;tldk_wtrwtr (%)
trofie;;trofie;;;;geodata;trofie
turb. _NTU_OW;10-15;turbiditeit;OW;;NTU;icp Bware;turb. _NTU_OW
vochtgeh_%_SB;0-25;vochtgeh;SB;;%;Bware;vochtgeh_%_SB
watbte;;waterbreedte;;;m;insitu;watbte
water_O2_mgL;10-15;O2;OW;;mg/l;insitu;water_O2_mgL
water_conductiviteit_uS_cm;10-15;conductiviteit;OW;;Á/S;insitu;water_conductiviteit_uS_cm
water_pH;10-15;pH;OW;;;insitu;water_pH
water_redox;10-15;redox;OW;;;insitu;water_redox
watertemp_C;10-15;T;OW;;C;insitu;watertemp_C
